epsilon,tau,n,lambda_reg,MLE_BayesRisk,Bayes_BayesRisk,Rho_BayesRisk,MLE_RMSE,Bayes_RMSE,Rho_RMSE,MLE_std,Bayes_std,Rho_std
0.0,0.9,100,90.0,0.3228313748750037,0.3216360213884865,0.32987448709057665,0.5681825189804801,0.567129633671603,0.5743470092988878,0.15216618367632262,0.15172985469162098,0.15308637413755893
0.05,0.9,100,90.0,198.84232157034367,198.02664865556082,174.42349173526358,14.101146108396424,14.07219416635376,13.206948615606239,13.06590269190415,13.038742201861638,12.599322194251005
0.08,0.9,100,90.0,210.4393666135703,209.71993712541484,177.4302604316938,14.506528413565057,14.481710435076888,13.32029505798178,12.773115752641672,12.751794204062875,12.281645470019733
0.1,0.9,100,90.0,286.5932738778679,285.40590297907386,247.65143167496078,16.929065948181186,16.893960547458192,15.736944801166484,15.040944512262902,15.009156767238897,14.60531969147211
