epsilon,tau,n,lambda_reg,MLE_BayesRisk,Bayes_BayesRisk,Rho_BayesRisk,MLE_RMSE,Bayes_RMSE,Rho_RMSE,MLE_std,Bayes_std,Rho_std
0.0,0.5,100,50.0,0.3228313748750037,0.31667841634151733,2.031131082199962,0.5681825189804801,0.5627418736343665,1.4251775616392373,0.15216618367632262,0.1498149225924832,0.3944167921729709
0.05,0.5,100,50.0,198.84232157034367,193.84421782025203,2.2077780150820776,14.101146108396424,13.922794899740929,1.4858593523890737,13.06590269190415,12.898541955739436,0.4012928616741038
0.08,0.5,100,50.0,210.4393666135703,206.02184328684461,2.3282050537275847,14.506528413565057,14.353461021190833,1.5258456847688053,12.773115752641672,12.641546843389285,0.40909968576973055
0.1,0.5,100,50.0,286.5932738778679,279.31364662419253,2.411567858561734,16.929065948181186,16.71267921741432,1.5529223607642892,15.040944512262902,14.844978912750122,0.41535925608216406
