epsilon,tau,n,lambda_reg,MLE_BayesRisk,Bayes_BayesRisk,Rho_BayesRisk,MLE_RMSE,Bayes_RMSE,Rho_RMSE,MLE_std,Bayes_std,Rho_std
0.0,0.5,200,100.0,0.12531850983570383,0.12469126859646512,0.1274960026400231,0.35400354494793385,0.3531165085300673,0.35706582395970504,0.06816669030049874,0.06797614567980982,0.06527856930115551
0.05,0.5,200,100.0,6.977176311092958,6.943398349720218,0.1993469138678841,2.6414345176613705,2.635032893479741,0.4464828259495366,2.3234701732468968,2.317826538599446,0.08923987604349465
0.08,0.5,200,100.0,3.756411488633403,3.738098377056717,0.24596395877200453,1.938146405366066,1.9334162451621009,0.4959475363100461,1.1551622177531826,1.152336651534023,0.10109812407682181
0.1,0.5,200,100.0,4.2531010745454045,4.232219474878107,0.27687504034126087,2.0623047967129895,2.0572358821676495,0.5261891678296512,1.124571756009086,1.1218143306679271,0.11022363700214301
