epsilon,tau,n,lambda_reg,MLE_BayesRisk,Bayes_BayesRisk,Rho_BayesRisk,MLE_RMSE,Bayes_RMSE,Rho_RMSE,MLE_std,Bayes_std,Rho_std
0.0,0.5,200,100.0,0.12531850983570383,0.12469126859646512,0.12094849345761029,0.35400354494793385,0.3531165085300673,0.34777649928885407,0.06816669030049874,0.06797614567980982,0.06675589585950874
0.05,0.5,200,100.0,6.977176311092958,6.943398349720218,3.8747848488622845,2.6414345176613705,2.635032893479741,1.968447319300744,2.3234701732468968,2.317826538599446,1.852192573771783
0.08,0.5,200,100.0,3.756411488633403,3.738098377056717,0.7558569295619396,1.938146405366066,1.9334162451621009,0.8694003275602901,1.1551622177531826,1.152336651534023,0.41783936391126747
0.1,0.5,200,100.0,4.2531010745454045,4.232219474878107,0.8161147069636666,2.0623047967129895,2.0572358821676495,0.9033906723913341,1.124571756009086,1.1218143306679271,0.3679101121763358
