epsilon,tau,n,lambda_reg,MLE_BayesRisk,Bayes_BayesRisk,Rho_BayesRisk,MLE_RMSE,Bayes_RMSE,Rho_RMSE,MLE_std,Bayes_std,Rho_std
0.0,0.5,200,100.0,0.015534749999999998,0.015454419445063238,0.2793241266210911,0.124638477205075,0.12431580529065175,0.5285112360405322,0.07535218544841181,0.07511530024868227,0.0781844809928223
0.05,0.5,200,100.0,1.995335775,1.9491037103042004,0.06424077217039999,1.4125635472430966,1.3961030443001692,0.2534576338767487,0.4482949867778692,0.4460646634605669,0.11645391965034638
0.1,0.5,200,100.0,7.682045625,7.5523335808519585,0.04082789645572642,2.7716503432070936,2.7481509385133776,0.20205914098532246,0.604494076119083,0.6014866429045594,0.12341064013247591
0.2,0.5,200,100.0,29.795952550000003,29.393353580356923,0.7721144771422059,5.458566895257399,5.421563757843019,0.8787004479014483,0.7874301590333935,0.7835125960531281,0.23187499122789695
